Accuracy (bp)	Accuracy (seq)	Adjusted Rand index (bp)	Adjusted Rand index (seq)	Average completeness (bp)	Average completeness (seq)	Average purity (bp)	Average purity (seq)	CAMI 1 average completeness (bp)	CAMI 1 average completeness (seq)	Completeness (bp)	Completeness (seq)	F1 score (bp)	F1 score (seq)	F1 score for sample (bp)	F1 score for sample (seq)	Misclassification rate (bp)	Misclassification rate (seq)	Percentage of binned bp	Percentage of binned sequences	Purity (bp)	Purity (seq)	Rand index (bp)	Rand index (seq)	Sample	Std error of average completeness (bp)	Std error of average completeness (seq)	Std error of average purity (bp)	Std error of average purity (seq)	Tool	UniFrac (bp)	UniFrac (seq)	avg_precision_bp_var	avg_recall_bp_var	binning type	rank
1.0	1.0	1.0	1.0	1.0	1.0	1.0	1.0	1.0	1.0	1.0	1.0	1.0	1.0	1.0	1.0	0.0	0.0	1.0	1.0	1.0	1.0	1.0	1.0	CAMI_high	0.0	0.0	0.0	0.0	Gold standard			0.0	0.0	genome	NA
0.09071887122681643	0.09071887122681643	0.9229321654158756	0.9229319791235983	0.11110593678718007	0.11110593678718007	0.7901801738333072	0.7901801738333072	0.013182093503986825	0.013182093503986825	0.10336217733145722	0.10336217733145722	0.19481873161002142	0.19481873161002142	0.18482127454206745	0.18482127454206745	0.12781539178772017	0.12781539178772017	0.1040133824566834	0.1040133824566834	0.8721846082122798	0.8721846082122798	0.989522122015751	0.9895221200106925	CAMI_high	0.008891891952012001	0.008891891952012001	0.06736061120014492	0.06736061120014492	maxbin_bins.tsv			0.0771366830013705	0.08491660743023875	genome	NA
0.16119205383472032	0.16119205383472032	0.8526006333070512	0.8526003241894541	0.04898963251758034	0.04898963251758034	0.8448694530114966	0.8448694530114966	0.024859883099659297	0.024859883099659297	0.19612547477820974	0.19612547477820974	0.09260932667896662	0.09260932667896662	0.3164424300424046	0.3164424300424046	0.18132655498484718	0.18132655498484718	0.19689420099822197	0.19689420099822197	0.8186734450151528	0.8186734450151528	0.9870658975820855	0.9870658962745719	CAMI_high	0.005916788292741728	0.005916788292741728	0.04074314770809813	0.04074314770809813	metabat_bins.tsv			0.05146012664008095	0.03759900409500887	genome	NA
