Accuracy (bp)	Accuracy (seq)	Adjusted Rand index (bp)	Adjusted Rand index (seq)	Average completeness (bp)	Average completeness (seq)	Average purity (bp)	Average purity (seq)	CAMI 1 average completeness (bp)	CAMI 1 average completeness (seq)	Completeness (bp)	Completeness (seq)	F1 score (bp)	F1 score (seq)	F1 score for sample (bp)	F1 score for sample (seq)	Misclassification rate (bp)	Misclassification rate (seq)	Percentage of binned bp	Percentage of binned sequences	Purity (bp)	Purity (seq)	Rand index (bp)	Rand index (seq)	Sample	Std error of average completeness (bp)	Std error of average completeness (seq)	Std error of average purity (bp)	Std error of average purity (seq)	Tool	UniFrac (bp)	UniFrac (seq)	avg_precision_bp_var	avg_recall_bp_var	binning type	rank
1.0	1.0	1.0	1.0	1.0	1.0	1.0	1.0	1.0	1.0	1.0	1.0	1.0	1.0	1.0	1.0	0.0	0.0	1.0	1.0	1.0	1.0	1.0000000000000004	1.0	CAMI_low	0.0	0.0	0.0	0.0	Gold standard			0.0	0.0	genome	NA
0.6832932921259511	0.6832932921259511	0.9690789271378807	0.940917631723773	0.5217425735928856	0.5217425735928856	0.9316663389928845	0.9316663389928845	0.22541903344020298	0.22541903344020298	0.733618876151773	0.733618876151773	0.6688963982905585	0.6688963982905585	0.8185166279390302	0.8185166279390302	0.07436458264189139	0.07436458264189139	0.7381883615432139	0.7381883615432139	0.9256354173581086	0.9256354173581086	1.0666543843349132	0.9860994509623212	CAMI_low	0.0600247549759538	0.0600247549759538	0.03780725294999249	0.03780725294999249	maxbin_bins.tsv			0.020011437258746014	0.21617827259539743	genome	NA
0.10661196674131135	0.10661196674131135	0.36415847784124405	0.36415833940399955	0.21421534647884416	0.21421534647884416	0.7663603487253398	0.7663603487253398	0.08416029981578549	0.08416029981578549	0.20464692709527535	0.20464692709527535	0.3348362567678417	0.3348362567678417	0.2938577522920615	0.2938577522920615	0.47904438021843787	0.47904438021843787	0.20464692709527535	0.20464692709527535	0.5209556197815621	0.5209556197815621	0.7176769071102742	0.7176768796470495	CAMI_low	0.046502655248310966	0.046502655248310966	0.10816096503888513	0.10816096503888513	metabat_bins.tsv			0.07019276614885758	0.12974981670859578	genome	NA
